,Fake 5,Fake 4,Fake 3,Fake 2,Fake 1,Real 5,Real 4,Real 3,Real 2,Real 1,Article 5,Article 4,Article 3,Article 2,Article 1
count,1720,1720,1720,1720,1720,1720,1720,1720,1720,1720,1720,1720,1720,1720,1720
mean,-0.005286254,0.0037072465,0.0269576631,0.0788944146,0.0502114426,0.1593329648,0.3110196064,0.2815834539,0.3208726319,0.4586410493,0.7474263699,0.4214073677,0.3752702035,0.7644199258,0.4649521125
std,0.0167574092,0.0240055584,0.0280697536,0.0112852296,0.0113420705,0.0166697399,0.0224518507,0.0224698494,0.022460874,0.0302029201,0.0504040791,0.0290683001,0.0259233856,0.0494639094,0.0318940417
min,-0.4285276357,-0.2545120682,0.0153535935,-0.0716913147,-0.1211739773,-0.0750839293,-0.0637715472,-0.0880485472,0.0007898664,0.036735944,-0.0421232624,-0.014205172,0.0131174184,-0.0146256386,-0.0265985988
25%,-0.0038614801,0.004801729,0.0176718909,0.0792824209,0.0509054534,0.1594223093,0.3132941222,0.2837960859,0.3229752546,0.4621655289,0.7541069414,0.4240884837,0.3770026046,0.771020515,0.4687396195
50%,-0.0017600392,0.007195148,0.0194578689,0.0802573014,0.0521383273,0.1608843299,0.3142493033,0.284971547,0.3241336491,0.4628092007,0.7546544661,0.4251844487,0.3784636436,0.7718007856,0.4694514721
75%,-0.0009103944,0.0082005738,0.0240741097,0.0808632458,0.0527295414,0.1623163503,0.3148231333,0.2854840883,0.3248909126,0.4630889463,0.7548897068,0.4259414735,0.3798619025,0.7721382575,0.4698997453
max,0.1656395125,0.7399836601,0.4352499542,0.2056956044,0.1342749474,0.4201788196,0.4501192652,0.3823245384,0.4023777697,0.7938655508,0.7820203488,0.5035270796,0.4649371643,0.8066422454,0.6022853247
